Workbook

Sheet Raw_Data
A1: Date | B1: AAPL | C1: MSFT | D1: JPM | E1: BAC | F1: JNJ | G1: PFE | H1: XOM | I1: KO | J1: PG | K1: SP500
A2: 44929.667 | B2: 125.07 | C2: 239.58 | D2: 135.12 | E2: 33.51 | F2: 178.19 | G2: 51.26 | H2: 106.51 | I2: 62.95 | J2: 151.57 | K2: 3824.14
A3: 44930.667 | B3: 126.36 | C3: 229.1 | D3: 136.38 | E3: 34.14 | F3: 180.13 | G3: 50.13 | H3: 106.82 | I3: 62.92 | J3: 152.23 | K3: 3852.97
A4: 44931.667 | B4: 125.02 | C4: 222.31 | D4: 135.35 | E4: 34.07 | F4: 178.8 | G4: 49.66 | H4: 109.21 | I4: 62.2 | J4: 150.34 | K4: 3808.1
A5: 44932.667 | B5: 129.62 | C5: 224.93 | D5: 137.94 | E5: 34.41 | F5: 180.25 | G5: 50.92 | H5: 110.53 | I5: 63.4 | J5: 153.92 | K5: 3895.08
A6: 44935.667 | B6: 130.15 | C6: 227.12 | D6: 137.37 | E6: 33.89 | F6: 175.58 | G6: 48.39 | H6: 108.47 | I6: 62.61 | J6: 152.04 | K6: 3892.09
A7: 44936.667 | B7: 130.73 | C7: 228.85 | D7: 138.6 | E7: 34.12 | F7: 175.16 | G7: 47.62 | H7: 110.09 | I7: 62.13 | J7: 151.89 | K7: 3919.25
A8: 44937.667 | B8: 133.49 | C8: 235.77 | D8: 139.63 | E8: 34.38 | F8: 174.88 | G8: 47.45 | H8: 111.37 | I8: 62.01 | J8: 150.66 | K8: 3969.61
A9: 44938.667 | B9: 133.41 | C9: 238.51 | D9: 139.49 | E9: 34.47 | F9: 174 | G9: 47.71 | H9: 113.22 | I9: 61.21 | J9: 149.81 | K9: 3983.17
A10: 44939.667 | B10: 134.76 | C10: 239.23 | D10: 143.01 | E10: 35.23 | F10: 173.43 | G10: 47.85 | H10: 113.15 | I10: 61.43 | J10: 150.88 | K10: 3999.09
A11: 44943.667 | B11: 135.94 | C11: 240.35 | D11: 140.8 | E11: 34.52 | F11: 172.36 | G11: 46.08 | H11: 112.93 | I11: 61.68 | J11: 150.44 | K11: 3990.97
A12: 44944.667 | B12: 135.21 | C12: 235.81 | D12: 136.57 | E12: 33.72 | F12: 169.76 | G12: 45 | H12: 110.61 | I12: 59.81 | J12: 146.41 | K12: 3928.86
A13: 44945.667 | B13: 135.27 | C13: 231.93 | D13: 134.75 | E13: 33.23 | F13: 169.53 | G13: 44.96 | H13: 111.32 | I13: 59.72 | J13: 142.42 | K13: 3898.85
... A753: 46022.667 | B753: 271.86 | C753: 483.62 | D753: 322.22 | E753: 55 | F753: 206.95 | G753: 24.9 | H753: 120.34 | I753: 69.91 | J753: 143.31 | K753: 6845.5

Sheet Returns
A1: Date | B1: AAPL | C1: MSFT | D1: JPM | E1: BAC | F1: JNJ | G1: PFE | H1: XOM | I1: KO | J1: PG | K1: SP500 | L1: Returns | M1: Cumulative Portfolio | N1: Cumulative S&P500
A2: =Raw_Data!A3 -> 44930.667 | B2: =(Raw_Data!B3-Raw_Data!B2)/Raw_Data!B2 -> 0.010314224 | C2: =(Raw_Data!C3-Raw_Data!C2)/Raw_Data!C2 -> -0.043743217 | D2: =(Raw_Data!D3-Raw_Data!D2)/Raw_Data!D2 -> 0.0093250444 | E2: =(Raw_Data!E3-Raw_Data!E2)/Raw_Data!E2 -> 0.018800358 | F2: =(Raw_Data!F3-Raw_Data!F2)/Raw_Data!F2 -> 0.010887255 | G2: =(Raw_Data!G3-Raw_Data!G2)/Raw_Data!G2 -> -0.022044479 | H2: =(Raw_Data!H3-Raw_Data!H2)/Raw_Data!H2 -> 0.0029105248 | I2: =(Raw_Data!I3-Raw_Data!I2)/Raw_Data!I2 -> -0.00047656871 | ... K2: =(Raw_Data!K3-Raw_Data!K2)/Raw_Data!K2 -> 0.0075389499 | L2: =B2 * 0.125 + C2 * 0.125 + D2 * 0.125 + E2 * 0.125 + F2 * 0.125 + G2 * 0.125 + H2 * 0.125 + I2 * 0.125 -> -0.0017533573 | M2: 1 | N2: 1
A3: =Raw_Data!A4 -> 44931.667 | B3: =(Raw_Data!B4-Raw_Data!B3)/Raw_Data!B3 -> -0.010604622 | C3: =(Raw_Data!C4-Raw_Data!C3)/Raw_Data!C3 -> -0.029637713 | D3: =(Raw_Data!D4-Raw_Data!D3)/Raw_Data!D3 -> -0.007552427 | E3: =(Raw_Data!E4-Raw_Data!E3)/Raw_Data!E3 -> -0.0020503808 | F3: =(Raw_Data!F4-Raw_Data!F3)/Raw_Data!F3 -> -0.0073835563 | G3: =(Raw_Data!G4-Raw_Data!G3)/Raw_Data!G3 -> -0.0093756234 | H3: =(Raw_Data!H4-Raw_Data!H3)/Raw_Data!H3 -> 0.022374087 | I3: =(Raw_Data!I4-Raw_Data!I3)/Raw_Data!I3 -> -0.011443102 | ... K3: =(Raw_Data!K4-Raw_Data!K3)/Raw_Data!K3 -> -0.011645562 | L3: =B3 * 0.125 + C3 * 0.125 + D3 * 0.125 + E3 * 0.125 + F3 * 0.125 + G3 * 0.125 + H3 * 0.125 + I3 * 0.125 -> -0.0069591671 | M3: =M2*(1+L3) -> 0.99304083 | N3: =N2*(1+K3) -> 0.98835444
A4: =Raw_Data!A5 -> 44932.667 | B4: =(Raw_Data!B5-Raw_Data!B4)/Raw_Data!B4 -> 0.036794113 | C4: =(Raw_Data!C5-Raw_Data!C4)/Raw_Data!C4 -> 0.011785345 | D4: =(Raw_Data!D5-Raw_Data!D4)/Raw_Data!D4 -> 0.019135574 | E4: =(Raw_Data!E5-Raw_Data!E4)/Raw_Data!E4 -> 0.0099794541 | F4: =(Raw_Data!F5-Raw_Data!F4)/Raw_Data!F4 -> 0.0081096197 | G4: =(Raw_Data!G5-Raw_Data!G4)/Raw_Data!G4 -> 0.025372533 | H4: =(Raw_Data!H5-Raw_Data!H4)/Raw_Data!H4 -> 0.012086805 | I4: =(Raw_Data!I5-Raw_Data!I4)/Raw_Data!I4 -> 0.019292605 | ... K4: =(Raw_Data!K5-Raw_Data!K4)/Raw_Data!K4 -> 0.022840787 | L4: =B4 * 0.125 + C4 * 0.125 + D4 * 0.125 + E4 * 0.125 + F4 * 0.125 + G4 * 0.125 + H4 * 0.125 + I4 * 0.125 -> 0.017819506 | M4: =M3*(1+L4) -> 1.0107363 | N4: =N3*(1+K4) -> 1.0109292
A5: =Raw_Data!A6 -> 44935.667 | B5: =(Raw_Data!B6-Raw_Data!B5)/Raw_Data!B5 -> 0.0040888752 | C5: =(Raw_Data!C6-Raw_Data!C5)/Raw_Data!C5 -> 0.0097363624 | D5: =(Raw_Data!D6-Raw_Data!D5)/Raw_Data!D5 -> -0.0041322314 | E5: =(Raw_Data!E6-Raw_Data!E5)/Raw_Data!E5 -> -0.015111886 | F5: =(Raw_Data!F6-Raw_Data!F5)/Raw_Data!F5 -> -0.02590846 | G5: =(Raw_Data!G6-Raw_Data!G5)/Raw_Data!G5 -> -0.049685782 | H5: =(Raw_Data!H6-Raw_Data!H5)/Raw_Data!H5 -> -0.018637474 | I5: =(Raw_Data!I6-Raw_Data!I5)/Raw_Data!I5 -> -0.012460568 | ... K5: =(Raw_Data!K6-Raw_Data!K5)/Raw_Data!K5 -> -0.00076763507 | L5: =B5 * 0.125 + C5 * 0.125 + D5 * 0.125 + E5 * 0.125 + F5 * 0.125 + G5 * 0.125 + H5 * 0.125 + I5 * 0.125 -> -0.014013895 | M5: =M4*(1+L5) -> 0.99657198 | N5: =N4*(1+K5) -> 1.0101532
A6: =Raw_Data!A7 -> 44936.667 | B6: =(Raw_Data!B7-Raw_Data!B6)/Raw_Data!B6 -> 0.0044563965 | C6: =(Raw_Data!C7-Raw_Data!C6)/Raw_Data!C6 -> 0.0076171187 | D6: =(Raw_Data!D7-Raw_Data!D6)/Raw_Data!D6 -> 0.0089539201 | E6: =(Raw_Data!E7-Raw_Data!E6)/Raw_Data!E6 -> 0.0067866627 | F6: =(Raw_Data!F7-Raw_Data!F6)/Raw_Data!F6 -> -0.002392072 | G6: =(Raw_Data!G7-Raw_Data!G6)/Raw_Data!G6 -> -0.015912379 | H6: =(Raw_Data!H7-Raw_Data!H6)/Raw_Data!H6 -> 0.014935005 | I6: =(Raw_Data!I7-Raw_Data!I6)/Raw_Data!I6 -> -0.0076665069 | ... K6: =(Raw_Data!K7-Raw_Data!K6)/Raw_Data!K6 -> 0.0069782559 | L6: =B6 * 0.125 + C6 * 0.125 + D6 * 0.125 + E6 * 0.125 + F6 * 0.125 + G6 * 0.125 + H6 * 0.125 + I6 * 0.125 -> 0.0020972682 | M6: =M5*(1+L6) -> 0.99866206 | N6: =N5*(1+K6) -> 1.0172023
A7: =Raw_Data!A8 -> 44937.667 | B7: =(Raw_Data!B8-Raw_Data!B7)/Raw_Data!B7 -> 0.021112216 | C7: =(Raw_Data!C8-Raw_Data!C7)/Raw_Data!C7 -> 0.030238147 | D7: =(Raw_Data!D8-Raw_Data!D7)/Raw_Data!D7 -> 0.0074314574 | E7: =(Raw_Data!E8-Raw_Data!E7)/Raw_Data!E7 -> 0.0076201641 | F7: =(Raw_Data!F8-Raw_Data!F7)/Raw_Data!F7 -> -0.0015985385 | G7: =(Raw_Data!G8-Raw_Data!G7)/Raw_Data!G7 -> -0.0035699286 | H7: =(Raw_Data!H8-Raw_Data!H7)/Raw_Data!H7 -> 0.011626851 | I7: =(Raw_Data!I8-Raw_Data!I7)/Raw_Data!I7 -> -0.0019314341 | ... K7: =(Raw_Data!K8-Raw_Data!K7)/Raw_Data!K7 -> 0.012849397 | L7: =B7 * 0.125 + C7 * 0.125 + D7 * 0.125 + E7 * 0.125 + F7 * 0.125 + G7 * 0.125 + H7 * 0.125 + I7 * 0.125 -> 0.0088661168 | M7: =M6*(1+L7) -> 1.0075163 | N7: =N6*(1+K7) -> 1.0302728
A8: =Raw_Data!A9 -> 44938.667 | B8: =(Raw_Data!B9-Raw_Data!B8)/Raw_Data!B8 -> -0.00059929583 | C8: =(Raw_Data!C9-Raw_Data!C8)/Raw_Data!C8 -> 0.011621496 | D8: =(Raw_Data!D9-Raw_Data!D8)/Raw_Data!D8 -> -0.0010026499 | E8: =(Raw_Data!E9-Raw_Data!E8)/Raw_Data!E8 -> 0.002617801 | F8: =(Raw_Data!F9-Raw_Data!F8)/Raw_Data!F8 -> -0.005032022 | G8: =(Raw_Data!G9-Raw_Data!G8)/Raw_Data!G8 -> 0.0054794521 | H8: =(Raw_Data!H9-Raw_Data!H8)/Raw_Data!H8 -> 0.016611296 | I8: =(Raw_Data!I9-Raw_Data!I8)/Raw_Data!I8 -> -0.012901145 | ... K8: =(Raw_Data!K9-Raw_Data!K8)/Raw_Data!K8 -> 0.0034159527 | L8: =B8 * 0.125 + C8 * 0.125 + D8 * 0.125 + E8 * 0.125 + F8 * 0.125 + G8 * 0.125 + H8 * 0.125 + I8 * 0.125 -> 0.0020993665 | M8: =M7*(1+L8) -> 1.0096315 | N8: =N7*(1+K8) -> 1.0337921
A9: =Raw_Data!A10 -> 44939.667 | B9: =(Raw_Data!B10-Raw_Data!B9)/Raw_Data!B9 -> 0.010119181 | C9: =(Raw_Data!C10-Raw_Data!C9)/Raw_Data!C9 -> 0.0030187414 | D9: =(Raw_Data!D10-Raw_Data!D9)/Raw_Data!D9 -> 0.025234784 | E9: =(Raw_Data!E10-Raw_Data!E9)/Raw_Data!E9 -> 0.022048158 | F9: =(Raw_Data!F10-Raw_Data!F9)/Raw_Data!F9 -> -0.0032758621 | G9: =(Raw_Data!G10-Raw_Data!G9)/Raw_Data!G9 -> 0.0029343953 | H9: =(Raw_Data!H10-Raw_Data!H9)/Raw_Data!H9 -> -0.00061826532 | I9: =(Raw_Data!I10-Raw_Data!I9)/Raw_Data!I9 -> 0.003594184 | ... K9: =(Raw_Data!K10-Raw_Data!K9)/Raw_Data!K9 -> 0.0039968166 | L9: =B9 * 0.125 + C9 * 0.125 + D9 * 0.125 + E9 * 0.125 + F9 * 0.125 + G9 * 0.125 + H9 * 0.125 + I9 * 0.125 -> 0.0078819145 | M9: =M8*(1+L9) -> 1.0175893 | N9: =N8*(1+K9) -> 1.037924
A10: =Raw_Data!A11 -> 44943.667 | B10: =(Raw_Data!B11-Raw_Data!B10)/Raw_Data!B10 -> 0.0087563075 | C10: =(Raw_Data!C11-Raw_Data!C10)/Raw_Data!C10 -> 0.0046816871 | D10: =(Raw_Data!D11-Raw_Data!D10)/Raw_Data!D10 -> -0.015453465 | E10: =(Raw_Data!E11-Raw_Data!E10)/Raw_Data!E10 -> -0.020153278 | F10: =(Raw_Data!F11-Raw_Data!F10)/Raw_Data!F10 -> -0.0061696362 | G10: =(Raw_Data!G11-Raw_Data!G10)/Raw_Data!G10 -> -0.036990596 | H10: =(Raw_Data!H11-Raw_Data!H10)/Raw_Data!H10 -> -0.0019443217 | I10: =(Raw_Data!I11-Raw_Data!I10)/Raw_Data!I10 -> 0.0040696728 | ... K10: =(Raw_Data!K11-Raw_Data!K10)/Raw_Data!K10 -> -0.0020304619 | L10: =B10 * 0.125 + C10 * 0.125 + D10 * 0.125 + E10 * 0.125 + F10 * 0.125 + G10 * 0.125 + H10 * 0.125 + I10 * 0.125 -> -0.0079004537 | M10: =M9*(1+L10) -> 1.0095499 | N10: =N9*(1+K10) -> 1.0358165
A11: =Raw_Data!A12 -> 44944.667 | B11: =(Raw_Data!B12-Raw_Data!B11)/Raw_Data!B11 -> -0.0053700162 | C11: =(Raw_Data!C12-Raw_Data!C11)/Raw_Data!C11 -> -0.01888912 | D11: =(Raw_Data!D12-Raw_Data!D11)/Raw_Data!D11 -> -0.030042614 | E11: =(Raw_Data!E12-Raw_Data!E11)/Raw_Data!E11 -> -0.023174971 | F11: =(Raw_Data!F12-Raw_Data!F11)/Raw_Data!F11 -> -0.015084706 | G11: =(Raw_Data!G12-Raw_Data!G11)/Raw_Data!G11 -> -0.0234375 | H11: =(Raw_Data!H12-Raw_Data!H11)/Raw_Data!H11 -> -0.0205437 | I11: =(Raw_Data!I12-Raw_Data!I11)/Raw_Data!I11 -> -0.030317769 | ... K11: =(Raw_Data!K12-Raw_Data!K11)/Raw_Data!K11 -> -0.015562633 | L11: =B11 * 0.125 + C11 * 0.125 + D11 * 0.125 + E11 * 0.125 + F11 * 0.125 + G11 * 0.125 + H11 * 0.125 + I11 * 0.125 -> -0.02085755 | M11: =M10*(1+L11) -> 0.98849313 | N11: =N10*(1+K11) -> 1.0196965
A12: =Raw_Data!A13 -> 44945.667 | B12: =(Raw_Data!B13-Raw_Data!B12)/Raw_Data!B12 -> 0.00044375416 | C12: =(Raw_Data!C13-Raw_Data!C12)/Raw_Data!C12 -> -0.016453925 | D12: =(Raw_Data!D13-Raw_Data!D12)/Raw_Data!D12 -> -0.013326499 | E12: =(Raw_Data!E13-Raw_Data!E12)/Raw_Data!E12 -> -0.014531435 | F12: =(Raw_Data!F13-Raw_Data!F12)/Raw_Data!F12 -> -0.0013548539 | G12: =(Raw_Data!G13-Raw_Data!G12)/Raw_Data!G12 -> -0.00088888889 | H12: =(Raw_Data!H13-Raw_Data!H12)/Raw_Data!H12 -> 0.0064189495 | I12: =(Raw_Data!I13-Raw_Data!I12)/Raw_Data!I12 -> -0.0015047651 | ... K12: =(Raw_Data!K13-Raw_Data!K12)/Raw_Data!K12 -> -0.007638348 | L12: =B12 * 0.125 + C12 * 0.125 + D12 * 0.125 + E12 * 0.125 + F12 * 0.125 + G12 * 0.125 + H12 * 0.125 + I12 * 0.125 -> -0.005149708 | M12: =M11*(1+L12) -> 0.98340268 | N12: =N11*(1+K12) -> 1.0119077
A13: =Raw_Data!A14 -> 44946.667 | B13: =(Raw_Data!B14-Raw_Data!B13)/Raw_Data!B13 -> 0.019220818 | C13: =(Raw_Data!C14-Raw_Data!C13)/Raw_Data!C13 -> 0.035743543 | D13: =(Raw_Data!D14-Raw_Data!D13)/Raw_Data!D13 -> 0.0024489796 | E13: =(Raw_Data!E14-Raw_Data!E13)/Raw_Data!E13 -> 0.018657839 | F13: =(Raw_Data!F14-Raw_Data!F13)/Raw_Data!F13 -> -0.0046599422 | G13: =(Raw_Data!G14-Raw_Data!G13)/Raw_Data!G13 -> 0.0033362989 | H13: =(Raw_Data!H14-Raw_Data!H13)/Raw_Data!H13 -> 0.018235717 | I13: =(Raw_Data!I14-Raw_Data!I13)/Raw_Data!I13 -> 0.0060281313 | ... K13: =(Raw_Data!K14-Raw_Data!K13)/Raw_Data!K13 -> 0.018918399 | L13: =B13 * 0.125 + C13 * 0.125 + D13 * 0.125 + E13 * 0.125 + F13 * 0.125 + G13 * 0.125 + H13 * 0.125 + I13 * 0.125 -> 0.012376423 | M13: =M12*(1+L13) -> 0.99557369 | N13: =N12*(1+K13) -> 1.0310514
A14: =Raw_Data!A15 -> 44949.667 | B14: =(Raw_Data!B15-Raw_Data!B14)/Raw_Data!B14 -> 0.023500399 | C14: =(Raw_Data!C15-Raw_Data!C14)/Raw_Data!C14 -> 0.0098243277 | D14: =(Raw_Data!D15-Raw_Data!D14)/Raw_Data!D14 -> 0.016212615 | E14: =(Raw_Data!E15-Raw_Data!E14)/Raw_Data!E14 -> 0.013884786 | F14: =(Raw_Data!F15-Raw_Data!F14)/Raw_Data!F14 -> -0.0025482992 | G14: =(Raw_Data!G15-Raw_Data!G14)/Raw_Data!G14 -> -0.0028818444 | H14: =(Raw_Data!H15-Raw_Data!H14)/Raw_Data!H14 -> -0.0052051169 | I14: =(Raw_Data!I15-Raw_Data!I14)/Raw_Data!I14 -> 0.0024966711 | ... K14: =(Raw_Data!K15-Raw_Data!K14)/Raw_Data!K14 -> 0.011881358 | L14: =B14 * 0.125 + C14 * 0.125 + D14 * 0.125 + E14 * 0.125 + F14 * 0.125 + G14 * 0.125 + H14 * 0.125 + I14 * 0.125 -> 0.0069104422 | M14: =M13*(1+L14) -> 1.0024535 | N14: =N13*(1+K14) -> 1.0433017
... A752: =Raw_Data!A753 -> 46022.667 | B752: =(Raw_Data!B753-Raw_Data!B752)/Raw_Data!B752 -> -0.0044675553 | C752: =(Raw_Data!C753-Raw_Data!C752)/Raw_Data!C752 -> -0.0079182736 | D752: =(Raw_Data!D753-Raw_Data!D752)/Raw_Data!D752 -> -0.0037103457 | E752: =(Raw_Data!E753-Raw_Data!E752)/Raw_Data!E752 -> -0.005065123 | F752: =(Raw_Data!F753-Raw_Data!F752)/Raw_Data!F752 -> 0.00019332077 | G752: =(Raw_Data!G753-Raw_Data!G752)/Raw_Data!G752 -> -0.0036014406 | H752: =(Raw_Data!H753-Raw_Data!H752)/Raw_Data!H752 -> -0.0053723448 | I752: =(Raw_Data!I753-Raw_Data!I752)/Raw_Data!I752 -> -0.0022834309 | ... K752: =(Raw_Data!K753-Raw_Data!K752)/Raw_Data!K752 -> -0.0073576326 | L752: =B752 * 0.125 + C752 * 0.125 + D752 * 0.125 + E752 * 0.125 + F752 * 0.125 + G752 * 0.125 + H752 * 0.125 + I752 * 0.125 -> -0.0040281491 | M752: =M751*(1+L752) -> 1.4402898 | N752: =N751*(1+K752) -> 1.7766814

Sheet Portfolio_Setup
A1: Stock | B1: Weight
A2: AAPL | B2: 0.125
A3: MSFT | B3: 0.125
A4: JPM | B4: 0.125
A5: BAC | B5: 0.125
A6: JNJ | B6: 0.125
A7: PFE | B7: 0.125
A8: XOM | B8: 0.125
A9: KO | B9: 0.125
A10: PG | B10: 0
A11: Total | B11: =SUM(B2:B10) -> 1

Sheet Stock_Metrics
A1: Stock | B1: Avg Daily Return | C1: Annual Return | D1: Volatility | E1: Sharpe Ratio | F1: Beta
A2: AAPL | B2: =AVERAGE(Returns!B2:B752) -> 0.0011632188 | C2: =B2*252 -> 0.29313115 | D2: =_xlfn.STDEV.S(Returns!B2:B752)*SQRT(252) -> 0.25603512 | E2: =(C2-0.04)/D2 -> 0.98865792 | F2: =_xlfn.COVARIANCE.S(Returns!B2:B752,Returns!K2:K752)/_xlfn.VAR.S(Returns!K2:K752) -> 1.1701532
A3: MSFT | B3: =AVERAGE(Returns!C2:C752) -> 0.0010419064 | C3: =B3*252 -> 0.2625604 | D3: =_xlfn.STDEV.S(Returns!C2:C752)*SQRT(252) -> 0.23204866 | E3: =(C3-0.04)/D3 -> 0.95911091 | F3: =_xlfn.COVARIANCE.S(Returns!C2:C752,Returns!K2:K752)/_xlfn.VAR.S(Returns!K2:K752) -> 1.0428006
A4: JPM | B4: =AVERAGE(Returns!D2:D752) -> 0.0012640396 | C4: =B4*252 -> 0.31853797 | D4: =_xlfn.STDEV.S(Returns!D2:D752)*SQRT(252) -> 0.23154189 | E4: =(C4-0.04)/D4 -> 1.2029701 | F4: =_xlfn.COVARIANCE.S(Returns!D2:D752,Returns!K2:K752)/_xlfn.VAR.S(Returns!K2:K752) -> 0.92551273
A5: BAC | B5: =AVERAGE(Returns!E2:E752) -> 0.00078943099 | C5: =B5*252 -> 0.19893661 | D5: =_xlfn.STDEV.S(Returns!E2:E752)*SQRT(252) -> 0.25513664 | E5: =(C5-0.04)/D5 -> 0.62294703 | F5: =_xlfn.COVARIANCE.S(Returns!E2:E752,Returns!K2:K752)/_xlfn.VAR.S(Returns!K2:K752) -> 1.0029024
A6: JNJ | B6: =AVERAGE(Returns!F2:F752) -> 0.0002580468 | C6: =B6*252 -> 0.065027794 | D6: =_xlfn.STDEV.S(Returns!F2:F752)*SQRT(252) -> 0.17224356 | E6: =(C6-0.04)/D6 -> 0.14530467 | F6: =_xlfn.COVARIANCE.S(Returns!F2:F752,Returns!K2:K752)/_xlfn.VAR.S(Returns!K2:K752) -> 0.092941489
A7: PFE | B7: =AVERAGE(Returns!G2:G752) -> -0.00084255385 | C7: =B7*252 -> -0.21232357 | D7: =_xlfn.STDEV.S(Returns!G2:G752)*SQRT(252) -> 0.24456142 | E7: =(C7-0.04)/D7 -> -1.0317391 | F7: =_xlfn.COVARIANCE.S(Returns!G2:G752,Returns!K2:K752)/_xlfn.VAR.S(Returns!K2:K752) -> 0.41108442
A8: XOM | B8: =AVERAGE(Returns!H2:H752) -> 0.00026496468 | C8: =B8*252 -> 0.066771098 | D8: =_xlfn.STDEV.S(Returns!H2:H752)*SQRT(252) -> 0.22702821 | E8: =(C8-0.04)/D8 -> 0.1179197 | F8: =_xlfn.COVARIANCE.S(Returns!H2:H752,Returns!K2:K752)/_xlfn.VAR.S(Returns!K2:K752) -> 0.44604047
A9: KO | B9: =AVERAGE(Returns!I2:I752) -> 0.00018264765 | C9: =B9*252 -> 0.046027207 | D9: =_xlfn.STDEV.S(Returns!I2:I752)*SQRT(252) -> 0.14734771 | E9: =(C9-0.04)/D9 -> 0.040904651 | F9: =_xlfn.COVARIANCE.S(Returns!I2:I752,Returns!K2:K752)/_xlfn.VAR.S(Returns!K2:K752) -> 0.12638217

Sheet Correlation Matrix
A1: Column1 | B1: AAPL | C1: MSFT | D1: JPM | E1: BAC | F1: JNJ | G1: PFE | H1: XOM | I1: KO
A2: AAPL | B2: =CORREL(Returns!B2:B752, Returns!B2:B752) -> 1 | C2: =CORREL(Returns!B2:B752, Returns!C2:C752) -> 0.48983988 | D2: =CORREL(Returns!B2:B752, Returns!D2:D752) -> 0.30667954 | E2: =CORREL(Returns!B2:B752, Returns!E2:E752) -> 0.31947468 | F2: =CORREL(Returns!B2:B752, Returns!F2:F752) -> 0.058022406 | G2: =CORREL(Returns!B2:B752, Returns!G2:G752) -> 0.17067946 | H2: =CORREL(Returns!B2:B752, Returns!H2:H752) -> 0.18352222 | I2: =CORREL(Returns!B2:B752, Returns!I2:I752) -> 0.12171715
A3: MSFT | B3: =CORREL(Returns!C2:C752, Returns!B2:B752) -> 0.48983988 | C3: =CORREL(Returns!C2:C752, Returns!C2:C752) -> 1 | D3: =CORREL(Returns!C2:C752, Returns!D2:D752) -> 0.25275243 | E3: =CORREL(Returns!C2:C752, Returns!E2:E752) -> 0.22234683 | F3: =CORREL(Returns!C2:C752, Returns!F2:F752) -> -0.084299429 | G3: =CORREL(Returns!C2:C752, Returns!G2:G752) -> 0.075866758 | H3: =CORREL(Returns!C2:C752, Returns!H2:H752) -> 0.0029789388 | I3: =CORREL(Returns!C2:C752, Returns!I2:I752) -> -0.0093700444
A4: JPM | B4: =CORREL(Returns!D2:D752, Returns!B2:B752) -> 0.30667954 | C4: =CORREL(Returns!D2:D752, Returns!C2:C752) -> 0.25275243 | D4: =CORREL(Returns!D2:D752, Returns!D2:D752) -> 1 | E4: =CORREL(Returns!D2:D752, Returns!E2:E752) -> 0.74479644 | F4: =CORREL(Returns!D2:D752, Returns!F2:F752) -> 0.15826041 | G4: =CORREL(Returns!D2:D752, Returns!G2:G752) -> 0.19113974 | H4: =CORREL(Returns!D2:D752, Returns!H2:H752) -> 0.34540171 | I4: =CORREL(Returns!D2:D752, Returns!I2:I752) -> 0.11082537
A5: BAC | B5: =CORREL(Returns!E2:E752, Returns!B2:B752) -> 0.31947468 | C5: =CORREL(Returns!E2:E752, Returns!C2:C752) -> 0.22234683 | D5: =CORREL(Returns!E2:E752, Returns!D2:D752) -> 0.74479644 | E5: =CORREL(Returns!E2:E752, Returns!E2:E752) -> 1 | F5: =CORREL(Returns!E2:E752, Returns!F2:F752) -> 0.13661567 | G5: =CORREL(Returns!E2:E752, Returns!G2:G752) -> 0.20703366 | H5: =CORREL(Returns!E2:E752, Returns!H2:H752) -> 0.37356414 | I5: =CORREL(Returns!E2:E752, Returns!I2:I752) -> 0.10152815
A6: JNJ | B6: =CORREL(Returns!F2:F752, Returns!B2:B752) -> 0.058022406 | C6: =CORREL(Returns!F2:F752, Returns!C2:C752) -> -0.084299429 | D6: =CORREL(Returns!F2:F752, Returns!D2:D752) -> 0.15826041 | E6: =CORREL(Returns!F2:F752, Returns!E2:E752) -> 0.13661567 | F6: =CORREL(Returns!F2:F752, Returns!F2:F752) -> 1 | G6: =CORREL(Returns!F2:F752, Returns!G2:G752) -> 0.42667534 | H6: =CORREL(Returns!F2:F752, Returns!H2:H752) -> 0.16549989 | I6: =CORREL(Returns!F2:F752, Returns!I2:I752) -> 0.40661726
A7: PFE | B7: =CORREL(Returns!G2:G752, Returns!B2:B752) -> 0.17067946 | C7: =CORREL(Returns!G2:G752, Returns!C2:C752) -> 0.075866758 | D7: =CORREL(Returns!G2:G752, Returns!D2:D752) -> 0.19113974 | E7: =CORREL(Returns!G2:G752, Returns!E2:E752) -> 0.20703366 | F7: =CORREL(Returns!G2:G752, Returns!F2:F752) -> 0.42667534 | G7: =CORREL(Returns!G2:G752, Returns!G2:G752) -> 1 | H7: =CORREL(Returns!G2:G752, Returns!H2:H752) -> 0.16058524 | I7: =CORREL(Returns!G2:G752, Returns!I2:I752) -> 0.27919717
A8: XOM | B8: =CORREL(Returns!H2:H752, Returns!B2:B752) -> 0.18352222 | C8: =CORREL(Returns!H2:H752, Returns!C2:C752) -> 0.0029789388 | D8: =CORREL(Returns!H2:H752, Returns!D2:D752) -> 0.34540171 | E8: =CORREL(Returns!H2:H752, Returns!E2:E752) -> 0.37356414 | F8: =CORREL(Returns!H2:H752, Returns!F2:F752) -> 0.16549989 | G8: =CORREL(Returns!H2:H752, Returns!G2:G752) -> 0.16058524 | H8: =CORREL(Returns!H2:H752, Returns!H2:H752) -> 1 | I8: =CORREL(Returns!H2:H752, Returns!I2:I752) -> 0.12687863
A9: KO | B9: =CORREL(Returns!I2:I752, Returns!B2:B752) -> 0.12171715 | C9: =CORREL(Returns!I2:I752, Returns!C2:C752) -> -0.0093700444 | D9: =CORREL(Returns!I2:I752, Returns!D2:D752) -> 0.11082537 | E9: =CORREL(Returns!I2:I752, Returns!E2:E752) -> 0.10152815 | F9: =CORREL(Returns!I2:I752, Returns!F2:F752) -> 0.40661726 | G9: =CORREL(Returns!I2:I752, Returns!G2:G752) -> 0.27919717 | H9: =CORREL(Returns!I2:I752, Returns!H2:H752) -> 0.12687863 | I9: =CORREL(Returns!I2:I752, Returns!I2:I752) -> 1

Sheet Charts
